{
  "Caption": {
    "precision": 0.8866758241758241,
    "recall": 0.8366817887232664,
    "f1": 0.8609536512170723,
    "avg_iou": 0.8832871159535839,
    "tp": 1291,
    "fp": 165,
    "fn": 252
  },
  "Footnote": {
    "precision": 0.8909090909090909,
    "recall": 0.8909090909090909,
    "f1": 0.8909090909090909,
    "avg_iou": 0.8904683711671065,
    "tp": 343,
    "fp": 42,
    "fn": 42
  },
  "Formula": {
    "precision": 0.8386934673366834,
    "recall": 0.8489318413021363,
    "f1": 0.8437815975733063,
    "avg_iou": 0.8161761964697075,
    "tp": 1669,
    "fp": 321,
    "fn": 297
  },
  "ListItem": {
    "precision": 0.8955489614243324,
    "recall": 0.8613013698630136,
    "f1": 0.87809135874309,
    "avg_iou": 0.9064670832576421,
    "tp": 9054,
    "fp": 1056,
    "fn": 1458
  },
  "PageFooter": {
    "precision": 0.8565283400809717,
    "recall": 0.8477335336839469,
    "f1": 0.8521082441787288,
    "avg_iou": 0.7887858861056403,
    "tp": 3385,
    "fp": 567,
    "fn": 608
  },
  "PageHeader": {
    "precision": 0.8749632244777876,
    "recall": 0.88459250446163,
    "f1": 0.879751516047922,
    "avg_iou": 0.8458637285643411,
    "tp": 2974,
    "fp": 425,
    "fn": 388
  },
  "Picture": {
    "precision": 0.8088981785607644,
    "recall": 0.766553480475382,
    "f1": 0.7871567630393724,
    "avg_iou": 0.9348614184301997,
    "tp": 2709,
    "fp": 640,
    "fn": 825
  },
  "SectionHeader": {
    "precision": 0.8620559334845049,
    "recall": 0.8003508771929825,
    "f1": 0.8300582241630277,
    "avg_iou": 0.851854741642804,
    "tp": 6843,
    "fp": 1095,
    "fn": 1707
  },
  "Table": {
    "precision": 0.91421143847487,
    "recall": 0.8813700918964077,
    "f1": 0.8974904296044236,
    "avg_iou": 0.9592694667350662,
    "tp": 2110,
    "fp": 198,
    "fn": 284
  },
  "Text": {
    "precision": 0.9062775680158086,
    "recall": 0.858044901777362,
    "f1": 0.8815019477956445,
    "avg_iou": 0.9251793018290205,
    "tp": 25683,
    "fp": 2656,
    "fn": 4249
  },
  "Title": {
    "precision": 0.8594771241830066,
    "recall": 0.7897897897897898,
    "f1": 0.8231611893583723,
    "avg_iou": 0.9049645789610091,
    "tp": 263,
    "fp": 43,
    "fn": 70
  },
  "overall_micro": {
    "precision": 0.886545362966694,
    "recall": 0.8469265006616143,
    "f1": 0.866283183118521,
    "avg_iou": 0.8981246034104212,
    "tp": 56324,
    "fp": 7208,
    "fn": 10180
  },
  "overall_macro": {
    "precision": 0.8722035591930585,
    "recall": 0.8423872063704553,
    "f1": 0.8570361329031568
  }
}